geoid20,countyfp20,namelsad20,statefp20,tractce20,intptlat20,name20,funcstat20,intptlon20,mtfcc20,aland20,awater20,objectid
25025140202,025,Census Tract,25,140202,+42.2495181,1402.02,S,-071.1175430,G5020,1538599,17120,1
25025140300,025,Census Tract,25,140300,+42.2587734,1403,S,-071.1188131,G5020,1548879,38736,2
25025140400,025,Census Tract,25,140400,+42.2692219,1404,S,-071.1118088,G5020,1874512,11680,3
25025140106,025,Census Tract,25,140106,+42.2738738,1401.06,S,-071.1371416,G5020,278837,3116,4
25025110201,025,Census Tract,25,110201,+42.2804960,1102.01,S,-071.1170508,G5020,348208,0,5
25025980700,025,Census Tract,25,980700,+42.2614817,9807,S,-071.1375704,G5020,2888945,53061,6
25025080601,025,Census Tract,25,080601,+42.3333769,806.01,S,-071.0880443,G5020,561665,0,7
25025020200,025,Census Tract,25,020200,+42.3602609,202,S,-071.0685049,G5020,108297,0,8
25025030200,025,Census Tract,25,030200,+42.3646862,302,S,-071.0570125,G5020,58261,0,9
25025030400,025,Census Tract,25,030400,+42.3637112,304,S,-071.0536706,G5020,165170,0,10
25025040200,025,Census Tract,25,040200,+42.3769050,402,S,-071.0567739,G5020,141296,0,11
25025040300,025,Census Tract,25,040300,+42.3787362,403,S,-071.0633901,G5020,279606,0,12
25025050200,025,Census Tract,25,050200,+42.3775778,502,S,-071.0357577,G5020,243271,0,13
25025050300,025,Census Tract,25,050300,+42.3722392,503,S,-071.0434118,G5020,355332,364090,14
25025050400,025,Census Tract,25,050400,+42.3682184,504,S,-071.0379019,G5020,131981,0,15
25025050600,025,Census Tract,25,050600,+42.3719233,506,S,-071.0372787,G5020,171854,0,16
25025050700,025,Census Tract,25,050700,+42.3753741,507,S,-071.0332347,G5020,267935,0,17
25025010104,025,Census Tract,25,010104,+42.3494300,101.04,S,-071.0937493,G5020,281681,5013,18
25025010702,025,Census Tract,25,010702,+42.3518383,107.02,S,-071.0755131,G5020,300176,0,19
25025010801,025,Census Tract,25,010801,+42.3541707,108.01,S,-071.0769092,G5020,132039,0,20
25025010403,025,Census Tract,25,010403,+42.3450750,104.03,S,-071.0880611,G5020,88555,0,21
25025051200,025,Census Tract,25,051200,+42.3644480,512,S,-071.0364673,G5020,429412,493577,22
25025060200,025,Census Tract,25,060200,+42.3325583,602,S,-071.0326799,G5020,170385,0,23
25025060400,025,Census Tract,25,060400,+42.3323988,604,S,-071.0428981,G5020,399279,0,24
25025060700,025,Census Tract,25,060700,+42.3385217,607,S,-071.0539041,G5020,128227,0,25
25025060800,025,Census Tract,25,060800,+42.3353908,608,S,-071.0514885,G5020,343013,0,26
25025061000,025,Census Tract,25,061000,+42.3317196,610,S,-071.0499288,G5020,159578,0,27
25025070700,025,Census Tract,25,070700,+42.3458828,707,S,-071.0761507,G5020,162697,0,28
25025060101,025,Census Tract,25,060101,+42.3347618,601.01,S,-071.0279302,G5020,295623,0,29
25025000503,025,Census Tract,25,000503,+42.3396411,5.03,S,-071.1500865,G5020,139947,0,30
25025981300,025,Census Tract,25,981300,+42.3615186,9813,S,-071.0073933,G5020,6986630,2032636,31
25025010300,025,Census Tract,25,010300,+42.3394220,103,S,-071.1018257,G5020,507208,0,32
25025981100,025,Census Tract,25,981100,+42.2879942,9811,S,-071.1034042,G5020,2499660,19090,33
25025981800,025,Census Tract,25,981800,+42.3231248,9818,S,-071.1169865,G5020,714839,371484,34
25025981700,025,Census Tract,25,981700,+42.3550969,9817,S,-071.0657367,G5020,313765,14973,35
25025981201,025,Census Tract,25,981201,+42.3289903,9812.01,S,-071.0346023,G5020,799562,1327740,36
25025000701,025,Census Tract,25,000701,+42.3469580,7.01,S,-071.1379847,G5020,230440,0,37
25025000502,025,Census Tract,25,000502,+42.3315048,5.02,S,-071.1574973,G5020,847704,334529,38
25025000601,025,Census Tract,25,000601,+42.3509820,6.01,S,-071.1456705,G5020,495266,0,39
25025060501,025,Census Tract,25,060501,+42.3368686,605.01,S,-071.0382133,G5020,411742,0,40
25025050101,025,Census Tract,25,050101,+42.3816657,501.01,S,-071.0397908,G5020,299770,184516,41
25025110607,025,Census Tract,25,110607,+42.2902453,1106.07,S,-071.1350293,G5020,1124028,0,42
25025120104,025,Census Tract,25,120104,+42.3042695,1201.04,S,-071.1170951,G5020,405800,0,43
25025120201,025,Census Tract,25,120201,+42.3051903,1202.01,S,-071.1083461,G5020,713168,0,44
25025980300,025,Census Tract,25,980300,+42.3006134,9803,S,-071.0946130,G5020,2081297,27540,45
25025000704,025,Census Tract,25,000704,+42.3500028,7.04,S,-071.1334045,G5020,239779,0,46
25025000703,025,Census Tract,25,000703,+42.3513284,7.03,S,-071.1282176,G5020,178001,0,47
25025010802,025,Census Tract,25,010802,+42.3515155,108.02,S,-071.0857007,G5020,156827,0,48
25025010204,025,Census Tract,25,010204,+42.3464726,102.04,S,-071.1034355,G5020,253410,607,49
25025010404,025,Census Tract,25,010404,+42.3419678,104.04,S,-071.0886377,G5020,136909,0,50
25025010405,025,Census Tract,25,010405,+42.3398656,104.05,S,-071.0895958,G5020,364894,0,51
25025081001,025,Census Tract,25,081001,+42.3345574,810.01,S,-071.1068296,G5020,559703,0,52
25025020101,025,Census Tract,25,020101,+42.3577451,201.01,S,-071.0693336,G5020,219375,0,53
25025020301,025,Census Tract,25,020301,+42.3631736,203.01,S,-071.0686464,G5020,262787,528,54
25025020302,025,Census Tract,25,020302,+42.3593442,203.02,S,-071.0639956,G5020,76786,0,55
25025040100,025,Census Tract,25,040100,+42.3730476,401,S,-071.0597515,G5020,264111,62166,56
25025050901,025,Census Tract,25,050901,+42.3819368,509.01,S,-071.0295001,G5020,615897,194140,57
25025051000,025,Census Tract,25,051000,+42.3873027,510,S,-071.0161271,G5020,1043220,210157,58
25025981502,025,Census Tract,25,981502,+42.3958503,9815.02,S,-071.0069705,G5020,1252194,27490,59
25025060301,025,Census Tract,25,060301,+42.3334669,603.01,S,-071.0369483,G5020,272519,0,60
25025080100,025,Census Tract,25,080100,+42.3293312,801,S,-071.0705295,G5020,1026664,0,61
25025061101,025,Census Tract,25,061101,+42.3262844,611.01,S,-071.0542968,G5020,165282,0,62
25025100700,025,Census Tract,25,100700,+42.2826719,1007,S,-071.0479602,G5020,1211115,146231,63
25025120103,025,Census Tract,25,120103,+42.3117553,1201.03,S,-071.1181420,G5020,340186,0,64
25025130406,025,Census Tract,25,130406,+42.2600645,1304.06,S,-071.1514976,G5020,1052304,5879,65
25025130404,025,Census Tract,25,130404,+42.2665157,1304.04,S,-071.1559219,G5020,1601540,35273,66
25025010408,025,Census Tract,25,010408,+42.3431682,104.08,S,-071.0958461,G5020,43381,0,67
25025010701,025,Census Tract,25,010701,+42.3497199,107.01,S,-071.0838784,G5020,202021,0,68
25025110403,025,Census Tract,25,110403,+42.2791462,1104.03,S,-071.1281223,G5020,942866,7697,69
25025040801,025,Census Tract,25,040801,+42.3789064,408.01,S,-071.0518705,G5020,950452,755218,70
25025071201,025,Census Tract,25,071201,+42.3397875,712.01,S,-071.0670373,G5020,412277,0,71
25025120301,025,Census Tract,25,120301,+42.3126892,1203.01,S,-071.1019405,G5020,657613,0,72
25025120105,025,Census Tract,25,120105,+42.3087398,1201.05,S,-071.1262938,G5020,1839766,2474,73
25025140105,025,Census Tract,25,140105,+42.2680071,1401.05,S,-071.1251854,G5020,1009264,0,74
25025071101,025,Census Tract,25,071101,+42.3359523,711.01,S,-071.0727888,G5020,359031,0,75
25025000201,025,Census Tract,25,000201,+42.3540651,2.01,S,-071.1611678,G5020,599227,0,76
25025000202,025,Census Tract,25,000202,+42.3526051,2.02,S,-071.1543443,G5020,601636,0,77
25025000301,025,Census Tract,25,000301,+42.3541444,3.01,S,-071.1688200,G5020,571431,0,78
25025000302,025,Census Tract,25,000302,+42.3472585,3.02,S,-071.1676864,G5020,589979,46101,79
25025000401,025,Census Tract,25,000401,+42.3438495,4.01,S,-071.1492929,G5020,431042,0,80
25025000402,025,Census Tract,25,000402,+42.3441742,4.02,S,-071.1588288,G5020,806770,0,81
25025091300,025,Census Tract,25,091300,+42.3199357,913,S,-071.0668701,G5020,262560,0,82
25025110501,025,Census Tract,25,110501,+42.2821618,1105.01,S,-071.1414485,G5020,647837,0,83
25025030500,025,Census Tract,25,030500,+42.3675671,305,S,-071.0515811,G5020,191230,294934,84
25025010500,025,Census Tract,25,010500,+42.3444618,105,S,-071.0843482,G5020,193266,6725,85
25025040600,025,Census Tract,25,040600,+42.3832248,406,S,-071.0698352,G5020,1437083,413598,86
25025010205,025,Census Tract,25,010205,+42.3432726,102.05,S,-071.0994449,G5020,182773,0,87
25025110105,025,Census Tract,25,110105,+42.2988673,1101.05,S,-071.1114074,G5020,348074,0,88
25025061203,025,Census Tract,25,061203,+42.3416085,612.03,S,-071.0566283,G5020,352712,13894,89
25025070103,025,Census Tract,25,070103,+42.3478532,701.03,S,-071.0598082,G5020,107596,0,90
25025030302,025,Census Tract,25,030302,+42.3601404,303.02,S,-071.0577232,G5020,477388,0,91
25025070201,025,Census Tract,25,070201,+42.3500054,702.01,S,-071.0653769,G5020,144031,0,92
25025000806,025,Census Tract,25,000806,+42.3636765,8.06,S,-071.1264765,G5020,1417183,0,93
25025000102,025,Census Tract,25,000102,+42.3590809,1.02,S,-071.1439885,G5020,1067435,0,94
25025061201,025,Census Tract,25,061201,+42.3326075,612.01,S,-071.0576503,G5020,562013,0,95
25025020305,025,Census Tract,25,020305,+42.3667770,203.05,S,-071.0645674,G5020,297773,71961,96
25025020304,025,Census Tract,25,020304,+42.3640512,203.04,S,-071.0609927,G5020,145054,0,97
25025130101,025,Census Tract,25,130101,+42.2922825,1301.01,S,-071.1662440,G5020,2668262,2565,98
25025000505,025,Census Tract,25,000505,+42.3431835,5.05,S,-071.1411123,G5020,144386,0,99
25025000506,025,Census Tract,25,000506,+42.3401535,5.06,S,-071.1459005,G5020,188906,0,100
25025010206,025,Census Tract,25,010206,+42.3465040,102.06,S,-071.0942317,G5020,182280,1185,101
25025000604,025,Census Tract,25,000604,+42.3510440,6.04,S,-071.1397725,G5020,287064,0,102
25025030301,025,Census Tract,25,030301,+42.3599516,303.01,S,-071.0492086,G5020,154190,242405,103
25025000807,025,Census Tract,25,000807,+42.3524656,8.07,S,-071.1168882,G5020,218594,0,104
25025081101,025,Census Tract,25,081101,+42.3270449,811.01,S,-071.1124512,G5020,117783,0,105
25025070302,025,Census Tract,25,070302,+42.3499539,703.02,S,-071.0694197,G5020,193304,0,106
25025081301,025,Census Tract,25,081301,+42.3186892,813.01,S,-071.0993402,G5020,235660,0,107
25025070301,025,Census Tract,25,070301,+42.3463240,703.01,S,-071.0716357,G5020,143331,0,108
25025981900,025,Census Tract,25,981900,+42.2783928,9819,S,-071.1790082,G5020,233864,106064,109
25025070102,025,Census Tract,25,070102,+42.3556883,701.02,S,-071.0617639,G5020,138976,0,110
25025070501,025,Census Tract,25,070501,+42.3431213,705.01,S,-071.0691593,G5020,122863,0,111
25025081102,025,Census Tract,25,081102,+42.3288046,811.02,S,-071.1059304,G5020,376868,0,112
25025000603,025,Census Tract,25,000603,+42.3476014,6.03,S,-071.1449263,G5020,312487,0,113
25025070202,025,Census Tract,25,070202,+42.3500656,702.02,S,-071.0619598,G5020,178542,0,114
25025000805,025,Census Tract,25,000805,+42.3539909,8.05,S,-071.1278821,G5020,369879,0,115
25025081302,025,Census Tract,25,081302,+42.3197631,813.02,S,-071.0965620,G5020,344681,0,116
25025110106,025,Census Tract,25,110106,+42.2924541,1101.06,S,-071.1165410,G5020,212664,0,117
25025070502,025,Census Tract,25,070502,+42.3411012,705.02,S,-071.0737001,G5020,174417,0,118
25025000101,025,Census Tract,25,000101,+42.3608778,1.01,S,-071.1330510,G5020,249924,0,119
25025110104,025,Census Tract,25,110104,+42.2934302,1101.04,S,-071.1208887,G5020,301939,0,120
25025980900,025,Census Tract,25,980900,+42.2853953,9809,S,-071.1801892,G5020,1677227,46975,121
25025000804,025,Census Tract,25,000804,+42.3586255,8.04,S,-071.1308995,G5020,607596,0,122
25025140201,025,Census Tract,25,140201,+42.2375297,1402.01,S,-071.1305801,G5020,1322336,99765,123
25025082100,025,Census Tract,25,082100,+42.3094485,821,S,-071.0872292,G5020,370577,0,124
25025050500,025,Census Tract,25,050500,+42.3708587,505,S,-071.0319250,G5020,272242,0,125
25025101101,025,Census Tract,25,101101,+42.2848807,1011.01,S,-071.0958793,G5020,587566,0,126
25025120600,025,Census Tract,25,120600,+42.3190999,1206,S,-071.1088366,G5020,257295,0,127
25025091700,025,Census Tract,25,091700,+42.3036084,917,S,-071.0659184,G5020,288865,0,128
25025030100,025,Census Tract,25,030100,+42.3669373,301,S,-071.0561403,G5020,77344,0,129
25025010600,025,Census Tract,25,010600,+42.3476422,106,S,-071.0793745,G5020,339678,0,130
25025120500,025,Census Tract,25,120500,+42.3206587,1205,S,-071.1042025,G5020,213706,0,131
25025070600,025,Census Tract,25,070600,+42.3432581,706,S,-071.0753887,G5020,133036,0,132
25025100603,025,Census Tract,25,100603,+42.2914125,1006.03,S,-071.0421575,G5020,872496,343682,133
25025010103,025,Census Tract,25,010103,+42.3498504,101.03,S,-071.1034992,G5020,288105,0,134
25025070402,025,Census Tract,25,070402,+42.3455432,704.02,S,-071.0651669,G5020,247190,0,135
25025140107,025,Census Tract,25,140107,+42.2577216,1401.07,S,-071.1284206,G5020,627360,0,136
25025981202,025,Census Tract,25,981202,+42.3470233,9812.02,S,-071.0257810,G5020,1696453,850180,137
25025051101,025,Census Tract,25,051101,+42.3854556,511.01,S,-071.0043188,G5020,1159397,622953,138
25025981600,025,Census Tract,25,981600,+42.3886205,9816,S,-070.9934424,G5020,586981,158777,139
25025090901,025,Census Tract,25,090901,+42.3171720,909.01,S,-071.0445630,G5020,1173210,349461,140
25025092101,025,Census Tract,25,092101,+42.2979499,921.01,S,-071.0541278,G5020,1306107,65874,141
25025110301,025,Census Tract,25,110301,+42.2868052,1103.01,S,-071.1132775,G5020,817931,0,142
25025981000,025,Census Tract,25,981000,+42.2988820,9810,S,-071.1267094,G5020,1134184,4752,143
25025980101,025,Census Tract,25,980101,+42.3265116,9801.01,S,-070.9390337,G5020,3270316,5392370,144
25025091001,025,Census Tract,25,091001,+42.3082205,910.01,S,-071.0517137,G5020,1186269,447567,145
25025040401,025,Census Tract,25,040401,+42.3740347,404.01,S,-071.0665218,G5020,433403,26534,146
25025080300,025,Census Tract,25,080300,+42.3274519,803,S,-071.0790504,G5020,268833,0,147
25025080401,025,Census Tract,25,080401,+42.3321176,804.01,S,-071.0808969,G5020,440308,0,148
25025080500,025,Census Tract,25,080500,+42.3356843,805,S,-071.0825085,G5020,244076,0,149
25025080801,025,Census Tract,25,080801,+42.3346063,808.01,S,-071.0962114,G5020,364890,0,150
25025080900,025,Census Tract,25,080900,+42.3323435,809,S,-071.1016923,G5020,256492,0,151
25025081200,025,Census Tract,25,081200,+42.3243654,812,S,-071.1037533,G5020,269261,0,152
25025081400,025,Census Tract,25,081400,+42.3277602,814,S,-071.0937549,G5020,620480,0,153
25025081500,025,Census Tract,25,081500,+42.3207186,815,S,-071.0929141,G5020,336293,0,154
25025081700,025,Census Tract,25,081700,+42.3226992,817,S,-071.0860337,G5020,633875,0,155
25025081800,025,Census Tract,25,081800,+42.3203184,818,S,-071.0800303,G5020,373922,0,156
25025081900,025,Census Tract,25,081900,+42.3154742,819,S,-071.0896520,G5020,433381,0,157
25025082000,025,Census Tract,25,082000,+42.3137479,820,S,-071.0839483,G5020,392156,0,158
25025090100,025,Census Tract,25,090100,+42.3023758,901,S,-071.0820195,G5020,446964,0,159
25025090200,025,Census Tract,25,090200,+42.3071378,902,S,-071.0790559,G5020,273671,0,160
25025090300,025,Census Tract,25,090300,+42.3109366,903,S,-071.0765050,G5020,380394,0,161
25025090400,025,Census Tract,25,090400,+42.3171635,904,S,-071.0747098,G5020,425139,0,162
25025090600,025,Census Tract,25,090600,+42.3229604,906,S,-071.0722753,G5020,301665,0,163
25025090700,025,Census Tract,25,090700,+42.3241150,907,S,-071.0600141,G5020,1073065,0,164
25025091100,025,Census Tract,25,091100,+42.3156248,911,S,-071.0556094,G5020,422042,0,165
25025091200,025,Census Tract,25,091200,+42.3163259,912,S,-071.0622198,G5020,323612,0,166
25025091400,025,Census Tract,25,091400,+42.3152689,914,S,-071.0698538,G5020,325020,0,167
25025091500,025,Census Tract,25,091500,+42.3114941,915,S,-071.0643707,G5020,404167,0,168
25025091600,025,Census Tract,25,091600,+42.3060353,916,S,-071.0611919,G5020,313158,0,169
25025091800,025,Census Tract,25,091800,+42.3073664,918,S,-071.0705167,G5020,432066,0,170
25025091900,025,Census Tract,25,091900,+42.3008408,919,S,-071.0755308,G5020,481983,0,171
25025092000,025,Census Tract,25,092000,+42.2996758,920,S,-071.0675668,G5020,489739,0,172
25025092200,025,Census Tract,25,092200,+42.2950131,922,S,-071.0661804,G5020,582526,0,173
25025092300,025,Census Tract,25,092300,+42.2939435,923,S,-071.0750607,G5020,342974,0,174
25025092400,025,Census Tract,25,092400,+42.2960408,924,S,-071.0849902,G5020,594486,0,175
25025100100,025,Census Tract,25,100100,+42.2902498,1001,S,-071.0873027,G5020,1036588,874,176
25025100200,025,Census Tract,25,100200,+42.2848003,1002,S,-071.0857223,G5020,350641,0,177
25025100300,025,Census Tract,25,100300,+42.2827979,1003,S,-071.0797972,G5020,491877,0,178
25025100400,025,Census Tract,25,100400,+42.2817867,1004,S,-071.0708444,G5020,626250,0,179
25025100500,025,Census Tract,25,100500,+42.2882316,1005,S,-071.0707467,G5020,857716,0,180
25025100601,025,Census Tract,25,100601,+42.2908491,1006.01,S,-071.0562794,G5020,552586,0,181
25025100800,025,Census Tract,25,100800,+42.2775008,1008,S,-071.0636843,G5020,1746759,172846,182
25025100900,025,Census Tract,25,100900,+42.2740065,1009,S,-071.0742308,G5020,953384,36272,183
25025101001,025,Census Tract,25,101001,+42.2721326,1010.01,S,-071.1017280,G5020,1302132,3948,184
25025101002,025,Census Tract,25,101002,+42.2740572,1010.02,S,-071.0853267,G5020,1164930,4637,185
25025101102,025,Census Tract,25,101102,+42.2787956,1011.02,S,-071.0920463,G5020,561192,0,186
25025110401,025,Census Tract,25,110401,+42.2864371,1104.01,S,-071.1225498,G5020,522960,0,187
25025110502,025,Census Tract,25,110502,+42.2829171,1105.02,S,-071.1326050,G5020,684300,0,188
25025110601,025,Census Tract,25,110601,+42.2982511,1106.01,S,-071.1399775,G5020,1406478,8282,189
25025120400,025,Census Tract,25,120400,+42.3139087,1204,S,-071.1116638,G5020,999846,0,190
25025120700,025,Census Tract,25,120700,+42.3243205,1207,S,-071.1109956,G5020,310598,0,191
25025130200,025,Census Tract,25,130200,+42.2873319,1302,S,-071.1570120,G5020,1352656,0,192
25025130300,025,Census Tract,25,130300,+42.2791297,1303,S,-071.1507116,G5020,1442464,0,193
25025130402,025,Census Tract,25,130402,+42.2719594,1304.02,S,-071.1668004,G5020,1863873,32105,194
25025140102,025,Census Tract,25,140102,+42.2446858,1401.02,S,-071.1426123,G5020,2087649,75460,195
25025070104,025,Census Tract,25,070104,+42.3523203,701.04,S,-071.0562868,G5020,761798,69922,196
25025061204,025,Census Tract,25,061204,+42.3457244,612.04,S,-071.0532683,G5020,412236,57818,197
25025060604,025,Census Tract,25,060604,+42.3507680,606.04,S,-071.0384635,G5020,416317,629367,198
25025070902,025,Census Tract,25,070902,+42.3388070,709.02,S,-071.0774493,G5020,110873,0,199
25025060602,025,Census Tract,25,060602,+42.3441304,606.02,S,-071.0461108,G5020,432113,0,200
25025060603,025,Census Tract,25,060603,+42.3477038,606.03,S,-071.0411470,G5020,398230,0,201
25025070802,025,Census Tract,25,070802,+42.3417055,708.02,S,-071.0802334,G5020,129953,0,202
25025061202,025,Census Tract,25,061202,+42.3387527,612.02,S,-071.0625085,G5020,380810,4897,203
25025070801,025,Census Tract,25,070801,+42.3399771,708.01,S,-071.0825322,G5020,61235,0,204
25025060601,025,Census Tract,25,060601,+42.3392514,606.01,S,-071.0489604,G5020,140332,0,205
25025070901,025,Census Tract,25,070901,+42.3377169,709.01,S,-071.0795662,G5020,57691,0,206
25025981501,025,Census Tract,25,981501,+42.3524288,9815.01,S,-071.0878101,G5020,897746,1203439,207
